,Unnamed: 0.2,Unnamed: 0.1,Unnamed: 0,Company,Country,Tickers,Fossil Free Funds: Coal screen,Fossil Free Funds: Oil / gas screen,Fossil Free Funds: Macroclimate30 coal-fired utility screen,Fossil Free Funds: Fossil-fired utility screen,Fossil Free Funds: Clean200 screen,Deforestation Free Funds: Producer screen,Deforestation Free Funds: Financier screen,Deforestation Free Funds: Consumer brand screen,Deforestation Free Funds: Palm oil producer screen,Deforestation Free Funds: Palm oil consumer brand screen,Deforestation Free Funds: Paper / pulp producer screen,Deforestation Free Funds: Paper / pulp consumer brand screen,Deforestation Free Funds: Rubber producer screen,Deforestation Free Funds: Rubber consumer brand screen,Deforestation Free Funds: Timber producer screen,Deforestation Free Funds: Timber consumer brand screen,Deforestation Free Funds: Cattle producer screen,Deforestation Free Funds: Cattle consumer brand screen,Deforestation Free Funds: Soy producer screen,Deforestation Free Funds: Soy consumer brand screen,Weapons Free Funds: Major military contractor screen,Weapons Free Funds: Cluster munitions / landmines screen,Weapons Free Funds: Nuclear weapons screen,Gun Free Funds: Gun manufacturers screen,Gun Free Funds: Gun retailers screen,Tobacco Free Funds: Tobacco producers screen,Tobacco Free Funds: Tobacco-promoting entertainment companies screen,Gender Equality Funds: Has Equileap gender equality score,CreatedDate,Prison Free Funds: Prison industry screen,Prison Free Funds: Border industry screen,Prison Free Funds: Higher risk screen,Prison Free Funds: Private prison operators screen,Fossil Free Funds: Fossil fuel finance screen,Fossil Free Funds: Fossil fuel finance risk score,Fossil Free Funds: Fossil fuel insurance screen,Fossil Free Funds: Fossil fuel insurance risk score,Ticker,Stock_Price
0,206,413,413,Arindo Holdings (Mauritius) Ltd,Mauritius,ARIN,Y,N,N,N,N,N,N,N,N,N,N,N,N,N,N,N,N,N,N,N,N,N,N,N,N,N,N,N,4/14/2020,N,N,N,N,N,0.0,N,0.0,ARIN,0.0
1,1124,2348,2348,Golden Agri-Resources Ltd,Mauritius,"4G3A, E5H, GARPF, GARPY",N,N,N,N,N,Y,N,N,Y,N,N,N,N,N,N,N,N,N,N,N,N,N,N,N,N,N,N,Y,4/14/2020,N,N,N,N,N,0.0,N,0.0, GARPF,0.09000000357627869
2,1611,3480,3480,MakeMyTrip Ltd,Mauritius,"MMYT, MY1",N,N,N,N,N,N,N,N,N,N,N,N,N,N,N,N,N,N,N,N,N,N,N,N,N,N,N,Y,4/14/2020,N,N,N,N,N,0.0,N,0.0,MMYT,13.710000038146973
3,2120,4740,4740,Regis Holdings Ltd,Mauritius,REGI.N0000,N,Y,N,N,N,N,N,N,N,N,N,N,N,N,N,N,N,N,N,N,N,N,N,N,N,N,N,N,4/14/2020,N,N,N,N,N,0.0,N,0.0,REGI.N0000,0.0
4,2743,6168,6168,Vivo Energy Mauritius Ltd,Mauritius,VIVOENERGY,N,Y,N,N,N,N,N,N,N,N,N,N,N,N,N,N,N,N,N,N,N,N,N,N,N,N,N,N,4/14/2020,N,N,N,N,N,0.0,N,0.0,VIVOENERGY,0.0
5,3113,6871,409,Arindo Holdings (Mauritius) Ltd,Mauritius,ARIN,Y,N,N,N,N,N,N,N,N,N,N,N,N,N,N,N,N,N,N,N,N,N,N,N,N,N,N,N,5/19/2020,N,N,N,N,N,0.0,N,0.0,ARIN,0.0
6,4028,8795,2333,Golden Agri-Resources Ltd,Mauritius,"4G3A, E5H, GARPF, GARPY",N,N,N,N,N,Y,N,N,Y,N,N,N,N,N,N,N,N,N,N,N,N,N,N,N,N,N,N,Y,5/19/2020,N,N,N,N,N,0.0,N,0.0, GARPF,0.09000000357627869
7,4517,9930,3468,MakeMyTrip Ltd,Mauritius,"MMYT, MY1",N,N,N,N,N,N,N,N,N,N,N,N,N,N,N,N,N,N,N,N,N,N,N,N,N,N,N,Y,5/19/2020,N,N,N,N,N,0.0,N,0.0,MMYT,14.699999809265137
8,5025,11187,4725,Regis Holdings Ltd,Mauritius,REGI.N0000,N,Y,N,N,N,N,N,N,N,N,N,N,N,N,N,N,N,N,N,N,N,N,N,N,N,N,N,N,5/19/2020,N,N,N,N,N,0.0,N,0.0,REGI.N0000,0.0
9,5643,12610,6148,Vivo Energy Mauritius Ltd,Mauritius,VIVOENERGY,N,Y,N,N,N,N,N,N,N,N,N,N,N,N,N,N,N,N,N,N,N,N,N,N,N,N,N,N,5/19/2020,N,N,N,N,N,0.0,N,0.0,VIVOENERGY,0.0
10,6009,13309,408,Arindo Holdings (Mauritius) Ltd,Mauritius,ARIN,Y,N,N,N,N,N,N,N,N,N,N,N,N,N,N,N,N,N,N,N,N,N,N,N,N,N,N,N,6/10/2020,N,N,N,N,N,0.0,N,0.0,ARIN,0.0
11,6919,15229,2328,Golden Agri-Resources Ltd,Mauritius,"4G3A, E5H, GARPF, GARPY",N,N,N,N,N,Y,N,N,Y,N,N,N,N,N,N,N,N,N,N,N,N,N,N,N,N,N,N,Y,6/10/2020,N,N,N,N,N,0.0,N,0.0, GARPF,0.09000000357627869
12,7406,16361,3460,MakeMyTrip Ltd,Mauritius,"MMYT, MY1",N,N,N,N,N,N,N,N,N,N,N,N,N,N,N,N,N,N,N,N,N,N,N,N,N,N,N,Y,6/10/2020,N,N,N,N,N,0.0,N,0.0,MMYT,18.040000915527344
13,7912,17613,4712,Regis Holdings Ltd,Mauritius,REGI.N0000,N,Y,N,N,N,N,N,N,N,N,N,N,N,N,N,N,N,N,N,N,N,N,N,N,N,N,N,N,6/10/2020,N,N,N,N,N,0.0,N,0.0,REGI.N0000,0.0
14,8531,19033,6132,Vivo Energy Mauritius Ltd,Mauritius,VIVOENERGY,N,Y,N,N,N,N,N,N,N,N,N,N,N,N,N,N,N,N,N,N,N,N,N,N,N,N,N,N,6/10/2020,N,N,N,N,N,0.0,N,0.0,VIVOENERGY,0.0
15,8894,19729,405,Arindo Holdings (Mauritius) Ltd,Mauritius,ARIN,Y,N,N,N,N,N,N,N,N,N,N,N,N,N,N,N,N,N,N,N,N,N,N,N,N,N,N,N,7/16/2020,N,N,N,N,N,0.0,N,0.0,ARIN,0.0
16,9802,21645,2321,Golden Agri-Resources Ltd,Mauritius,"4G3A, E5H, GARPF, GARPY",N,N,N,N,N,Y,N,N,Y,N,N,N,N,N,N,N,N,N,N,N,N,N,N,N,N,N,N,Y,7/16/2020,N,N,N,N,N,0.0,N,0.0, GARPF,0.07999999821186066
17,10289,22775,3451,MakeMyTrip Ltd,Mauritius,"MMYT, MY1",N,N,N,N,N,N,N,N,N,N,N,N,N,N,N,N,N,N,N,N,N,N,N,N,N,N,N,Y,7/16/2020,N,N,N,N,N,0.0,N,0.0,MMYT,16.989999771118164
18,10796,24027,4703,Regis Holdings Ltd,Mauritius,REGI.N0000,N,Y,N,N,N,N,N,N,N,N,N,N,N,N,N,N,N,N,N,N,N,N,N,N,N,N,N,N,7/16/2020,N,N,N,N,N,0.0,N,0.0,REGI.N0000,0.0
19,11414,25445,6121,Vivo Energy Mauritius Ltd,Mauritius,VIVOENERGY,N,Y,N,N,N,N,N,N,N,N,N,N,N,N,N,N,N,N,N,N,N,N,N,N,N,N,N,N,7/16/2020,N,N,N,N,N,0.0,N,0.0,VIVOENERGY,0.0
20,11776,26140,404,Arindo Holdings (Mauritius) Ltd,Mauritius,ARIN,Y,N,N,N,N,N,N,N,N,N,N,N,N,N,N,N,N,N,N,N,N,N,N,N,N,N,N,N,8/11/2020,N,N,N,N,N,0.0,N,0.0,ARIN,0.0
21,12682,28054,2318,Golden Agri-Resources Ltd,Mauritius,"4G3A, E5H, GARPF, GARPY",N,N,N,N,N,Y,N,N,Y,N,N,N,N,N,N,N,N,N,N,N,N,N,N,N,N,N,N,Y,8/11/2020,N,N,N,N,N,0.0,N,0.0, GARPF,0.07999999821186066
22,13165,29180,3444,MakeMyTrip Ltd,Mauritius,"MMYT, MY1",N,N,N,N,N,N,N,N,N,N,N,N,N,N,N,N,N,N,N,N,N,N,N,N,N,N,N,Y,8/11/2020,N,N,N,N,N,0.0,N,0.0,MMYT,15.34000015258789
23,13672,30435,4699,Regis Holdings Ltd,Mauritius,REGI.N0000,N,Y,N,N,N,N,N,N,N,N,N,N,N,N,N,N,N,N,N,N,N,N,N,N,N,N,N,N,8/11/2020,N,N,N,N,N,0.0,N,0.0,REGI.N0000,0.0
24,14296,31858,6122,Vivo Energy Mauritius Ltd,Mauritius,VIVOENERGY,N,Y,N,N,N,N,N,N,N,N,N,N,N,N,N,N,N,N,N,N,N,N,N,N,N,N,N,N,8/11/2020,N,N,N,N,N,0.0,N,0.0,VIVOENERGY,0.0
25,14658,32553,404,Arindo Holdings (Mauritius) Ltd,Mauritius,ARIN,Y,N,N,N,N,N,N,N,N,N,N,N,N,N,N,N,N,N,N,N,N,N,N,N,N,N,N,N,9/13/2020,N,N,N,N,N,0.0,N,0.0,ARIN,0.0
26,15564,34465,2316,Golden Agri-Resources Ltd,Mauritius,"4G3A, E5H, GARPF, GARPY",N,N,N,N,N,Y,N,N,Y,N,N,N,N,N,N,N,N,N,N,N,N,N,N,N,N,N,N,Y,9/13/2020,N,N,N,N,N,0.0,N,0.0, GARPY,0.0
27,16045,35588,3439,MakeMyTrip Ltd,Mauritius,"MMYT, MY1",N,N,N,N,N,N,N,N,N,N,N,N,N,N,N,N,N,N,N,N,N,N,N,N,N,N,N,Y,9/13/2020,N,N,N,N,N,0.0,N,0.0, MY1,0.0
28,16552,36844,4695,Regis Holdings Ltd,Mauritius,REGI.N0000,N,Y,N,N,N,N,N,N,N,N,N,N,N,N,N,N,N,N,N,N,N,N,N,N,N,N,N,N,9/13/2020,N,N,N,N,N,0.0,N,0.0,REGI.N0000,0.0
29,17177,38265,6116,Vivo Energy Mauritius Ltd,Mauritius,VIVOENERGY,N,Y,N,N,N,N,N,N,N,N,N,N,N,N,N,N,N,N,N,N,N,N,N,N,N,N,N,N,9/13/2020,N,N,N,N,N,0.0,N,0.0,VIVOENERGY,0.0
30,17523,38958,402,Arindo Holdings (Mauritius) Ltd,Mauritius,ARIN,Y,N,N,N,N,N,N,N,N,N,N,N,N,N,N,N,N,N,N,N,N,N,N,N,N,N,N,N,9/28/2020,N,N,N,N,N,0.0,N,0.0,ARIN,0.0
31,18352,40826,2270,Golden Agri-Resources Ltd,Mauritius,"4G3A, E5H, GARPF, GARPY",N,N,N,N,N,Y,N,N,Y,N,N,N,N,N,N,N,N,N,N,N,N,N,N,N,N,N,N,Y,9/28/2020,N,N,N,N,N,0.0,N,0.0, GARPF,0.07999999821186066
32,18795,41908,3352,MakeMyTrip Ltd,Mauritius,"MMYT, MY1",N,N,N,N,N,N,N,N,N,N,N,N,N,N,N,N,N,N,N,N,N,N,N,N,N,N,N,Y,9/28/2020,N,N,N,N,N,0.0,N,0.0,MMYT,16.049999237060547
33,19272,43166,4610,Regis Holdings Ltd,Mauritius,REGI.N0000,N,Y,N,N,N,N,N,N,N,N,N,N,N,N,N,N,N,N,N,N,N,N,N,N,N,N,N,N,9/28/2020,N,N,N,N,N,0.0,N,0.0,REGI.N0000,0.0
34,19855,44582,6026,Vivo Energy Mauritius Ltd,Mauritius,VIVOENERGY,N,Y,N,N,N,N,N,N,N,N,N,N,N,N,N,N,N,N,N,N,N,N,N,N,N,N,N,N,9/28/2020,N,N,N,N,N,0.0,N,0.0,VIVOENERGY,0.0
35,20192,45274,401,Arindo Holdings (Mauritius) Ltd,Mauritius,ARIN,Y,N,N,N,N,N,N,N,N,N,N,N,N,N,N,N,N,N,N,N,N,N,N,N,N,N,N,N,10/18/2020,N,N,N,N,N,0.0,N,0.0,ARIN,0.0
36,21018,47135,2262,Golden Agri-Resources Ltd,Mauritius,"4G3A, E5H, GARPF, GARPY",N,N,N,N,N,Y,N,N,Y,N,N,N,N,N,N,N,N,N,N,N,N,N,N,N,N,N,N,Y,10/18/2020,N,N,N,N,N,0.0,N,0.0, GARPY,0.0
37,21462,48217,3344,MakeMyTrip Ltd,Mauritius,"MMYT, MY1",N,N,N,N,N,N,N,N,N,N,N,N,N,N,N,N,N,N,N,N,N,N,N,N,N,N,N,Y,10/18/2020,N,N,N,N,N,0.0,N,0.0, MY1,0.0
38,21939,49476,4603,Regis Holdings Ltd,Mauritius,REGI.N0000,N,Y,N,N,N,N,N,N,N,N,N,N,N,N,N,N,N,N,N,N,N,N,N,N,N,N,N,N,10/18/2020,N,N,N,N,N,0.0,N,0.0,REGI.N0000,0.0
39,22518,50886,6013,Vivo Energy Mauritius Ltd,Mauritius,VIVOENERGY,N,Y,N,N,N,N,N,N,N,N,N,N,N,N,N,N,N,N,N,N,N,N,N,N,N,N,N,N,10/18/2020,N,N,N,N,N,0.0,N,0.0,VIVOENERGY,0.0
40,22853,51574,398,Arindo Holdings (Mauritius) Ltd,Mauritius,ARIN,Y,N,N,N,N,N,N,N,N,N,N,N,N,N,N,N,N,N,N,N,N,N,N,N,N,N,N,N,11/11/2020,N,N,N,N,N,0.0,N,0.0,ARIN,0.0
41,23668,53422,2246,Golden Agri-Resources Ltd,Mauritius,"4G3A, E5H, GARPF, GARPY",N,N,N,N,N,Y,N,N,Y,N,N,N,N,N,N,N,N,N,N,N,N,N,N,N,N,N,N,Y,11/11/2020,N,N,N,N,N,0.0,N,0.0, GARPF,0.07999999821186066
42,24111,54501,3325,MakeMyTrip Ltd,Mauritius,"MMYT, MY1",N,N,N,N,N,N,N,N,N,N,N,N,N,N,N,N,N,N,N,N,N,N,N,N,N,N,N,Y,11/11/2020,N,N,N,N,N,0.0,N,0.0,MMYT,23.90999984741211
43,24583,55749,4573,Regis Holdings Ltd,Mauritius,REGI.N0000,N,Y,N,N,N,N,N,N,N,N,N,N,N,N,N,N,N,N,N,N,N,N,N,N,N,N,N,N,11/11/2020,N,N,N,N,N,0.0,N,0.0,REGI.N0000,0.0
44,25156,57150,5974,Vivo Energy Mauritius Ltd,Mauritius,VIVOENERGY,N,Y,N,N,N,N,N,N,N,N,N,N,N,N,N,N,N,N,N,N,N,N,N,N,N,N,N,N,11/11/2020,N,N,N,N,N,0.0,N,0.0,VIVOENERGY,0.0
45,25495,57853,413,Arindo Holdings (Mauritius) Ltd,Mauritius,ARIN,Y,N,N,N,N,N,N,N,N,N,N,N,N,N,N,N,N,N,N,N,N,N,N,N,N,N,N,N,1/21/2021,N,N,N,N,N,0.0,N,0.0,ARIN,0.0
46,26314,59748,2308,Golden Agri-Resources Ltd,Mauritius,"4G3A, E5H, GARPF, GARPY",N,N,N,N,N,Y,N,N,Y,N,N,N,N,N,N,N,N,N,N,N,N,N,N,N,N,N,N,Y,1/21/2021,N,N,N,N,N,0.0,N,0.0, GARPF,0.1599999964237213
47,26758,60855,3415,MakeMyTrip Ltd,Mauritius,"MMYT, MY1",N,N,N,N,N,N,N,N,N,N,N,N,N,N,N,N,N,N,N,N,N,N,N,N,N,N,N,Y,1/21/2021,N,N,N,N,N,0.0,N,0.0,MMYT,32.290000915527344
48,27234,62139,4699,Regis Holdings Ltd,Mauritius,REGI.N0000,N,Y,N,N,N,N,N,N,N,N,N,N,N,N,N,N,N,N,N,N,N,N,N,N,N,N,N,N,1/21/2021,N,N,N,N,N,0.0,N,0.0,REGI.N0000,0.0
49,27811,63569,6129,Vivo Energy Mauritius Ltd,Mauritius,VIVOENERGY,N,Y,N,N,N,N,N,N,N,N,N,N,N,N,N,N,N,N,N,N,N,N,N,N,N,N,N,N,1/21/2021,N,N,N,N,N,0.0,N,0.0,VIVOENERGY,0.0
50,28153,64277,413,Arindo Holdings (Mauritius) Ltd,Mauritius,ARIN,Y,N,N,N,N,N,N,N,N,N,N,N,N,N,N,N,N,N,N,N,N,N,N,N,N,N,N,N,3/3/2021,N,N,N,N,N,0.0,N,0.0,ARIN,0.0
51,28966,66159,2295,Golden Agri-Resources Ltd,Mauritius,"4G3A, E5H, GARPF, GARPY",N,N,N,N,N,Y,N,N,Y,N,N,N,N,N,N,N,N,N,N,N,N,N,N,N,N,N,N,Y,3/3/2021,N,N,N,N,N,0.0,N,0.0, GARPF,0.12999999523162842
52,29407,67258,3394,MakeMyTrip Ltd,Mauritius,"MMYT, MY1",N,N,N,N,N,N,N,N,N,N,N,N,N,N,N,N,N,N,N,N,N,N,N,N,N,N,N,Y,3/3/2021,N,N,N,N,N,0.0,N,0.0,MMYT,37.459999084472656
53,29879,68538,4674,Regis Holdings Ltd,Mauritius,REGI.N0000,N,Y,N,N,N,N,N,N,N,N,N,N,N,N,N,N,N,N,N,N,N,N,N,N,N,N,N,N,3/3/2021,N,N,N,N,N,0.0,N,0.0,REGI.N0000,0.0
54,30452,69964,6100,Vivo Energy Mauritius Ltd,Mauritius,VIVOENERGY,N,Y,N,N,N,N,N,N,N,N,N,N,N,N,N,N,N,N,N,N,N,N,N,N,N,N,N,N,3/3/2021,N,N,N,N,N,0.0,N,0.0,VIVOENERGY,0.0
55,30789,70666,411,Arindo Holdings (Mauritius) Ltd,Mauritius,ARIN,Y,N,N,N,N,N,N,N,N,N,N,N,N,N,N,N,N,N,N,N,N,N,N,N,N,N,N,N,4/1/2021,N,N,N,N,N,0.0,N,0.0,ARIN,0.0
56,31600,72545,2290,Golden Agri-Resources Ltd,Mauritius,"4G3A, E5H, GARPF, GARPY",N,N,N,N,N,Y,N,N,Y,N,N,N,N,N,N,N,N,N,N,N,N,N,N,N,N,N,N,Y,4/1/2021,N,N,N,N,N,0.0,N,0.0, GARPF,0.17000000178813934
57,32040,73642,3387,MakeMyTrip Ltd,Mauritius,"MMYT, MY1",N,N,N,N,N,N,N,N,N,N,N,N,N,N,N,N,N,N,N,N,N,N,N,N,N,N,N,Y,4/1/2021,N,N,N,N,N,0.0,N,0.0,MMYT,33.04999923706055
58,32510,74919,4664,Regis Holdings Ltd,Mauritius,REGI.N0000,N,Y,N,N,N,N,N,N,N,N,N,N,N,N,N,N,N,N,N,N,N,N,N,N,N,N,N,N,4/1/2021,N,N,N,N,N,0.0,N,0.0,REGI.N0000,0.0
59,33083,76343,6088,Vivo Energy Mauritius Ltd,Mauritius,VIVOENERGY,N,Y,N,N,N,N,N,N,N,N,N,N,N,N,N,N,N,N,N,N,N,N,N,N,N,N,N,N,4/1/2021,N,N,N,N,N,0.0,N,0.0,VIVOENERGY,0.0
60,33420,77037,405,Arindo Holdings (Mauritius) Ltd,Mauritius,ARIN,Y,N,N,N,N,N,N,N,N,N,N,N,N,N,N,N,N,N,N,N,N,N,N,N,N,N,N,N,5/3/2021,N,N,N,N,N,0.0,N,0.0,ARIN,0.0
61,34241,78919,2287,Golden Agri-Resources Ltd,Mauritius,"4G3A, E5H, GARPF, GARPY",N,N,N,N,N,Y,N,N,Y,N,N,N,N,N,N,N,N,N,N,N,N,N,N,N,N,N,N,Y,5/3/2021,N,N,N,N,N,0.0,N,0.0, GARPF,0.20000000298023224
62,34680,80014,3382,MakeMyTrip Ltd,Mauritius,"MMYT, MY1",N,N,N,N,N,N,N,N,N,N,N,N,N,N,N,N,N,N,N,N,N,N,N,N,N,N,N,Y,5/3/2021,N,N,N,N,N,0.0,N,0.0,MMYT,27.59000015258789
63,35155,81307,4675,Regis Holdings Ltd,Mauritius,REGI.N0000,N,Y,N,N,N,N,N,N,N,N,N,N,N,N,N,N,N,N,N,N,N,N,N,N,N,N,N,N,5/3/2021,N,N,N,N,N,0.0,N,0.0,REGI.N0000,0.0
64,35728,82732,6100,Vivo Energy Mauritius Ltd,Mauritius,VIVOENERGY,N,Y,N,N,N,N,N,N,N,N,N,N,N,N,N,N,N,N,N,N,N,N,N,N,N,N,N,N,5/3/2021,N,N,N,N,N,0.0,N,0.0,VIVOENERGY,0.0
65,36074,83431,404,Arindo Holdings (Mauritius) Ltd,Mauritius,ARIN,Y,N,N,N,N,N,N,N,N,N,N,N,N,N,N,N,N,N,N,N,N,N,N,N,N,N,N,N,7/15/2021,N,N,N,N,N,0.0,N,0.0,ARIN,0.0
66,36890,85303,2276,Golden Agri-Resources Ltd,Mauritius,"4G3A, E5H, GARPF, GARPY",N,N,N,N,N,Y,N,N,Y,N,N,N,N,N,N,N,N,N,N,N,N,N,N,N,N,N,N,Y,7/15/2021,N,N,N,N,N,0.0,N,0.0, GARPF,0.15000000596046448
67,37326,86383,3356,MakeMyTrip Ltd,Mauritius,"MMYT, MY1",N,N,N,N,N,N,N,N,N,N,N,N,N,N,N,N,N,N,N,N,N,N,N,N,N,N,N,Y,7/15/2021,N,N,N,N,N,0.0,N,0.0,MMYT,30.15999984741211
68,38364,89086,6059,Vivo Energy Mauritius Ltd,Mauritius,VIVOENERGY,N,Y,N,N,N,N,N,N,N,N,N,N,N,N,N,N,N,N,N,N,N,N,N,N,N,N,N,N,7/15/2021,N,N,N,N,N,0.0,N,0.0,VIVOENERGY,0.0
69,38710,89780,403,Arindo Holdings (Mauritius) Ltd,Mauritius,ARIN,Y,N,N,N,N,N,N,N,N,N,N,N,N,N,N,N,N,N,N,N,N,N,N,N,N,N,N,N,8/9/2021,N,N,N,N,N,0.0,N,0.0,ARIN,0.0
70,39523,91647,2270,Golden Agri-Resources Ltd,Mauritius,"4G3A, E5H, GARPF, GARPY",N,N,N,N,N,Y,N,N,Y,N,N,N,N,N,N,N,N,N,N,N,N,N,N,N,N,N,N,Y,8/9/2021,N,N,N,N,N,0.0,N,0.0, GARPF,0.18000000715255737
71,39959,92729,3352,MakeMyTrip Ltd,Mauritius,"MMYT, MY1",N,N,N,N,N,N,N,N,N,N,N,N,N,N,N,N,N,N,N,N,N,N,N,N,N,N,N,Y,8/9/2021,N,N,N,N,N,0.0,N,0.0,MMYT,28.81999969482422
72,40994,95433,6056,Vivo Energy Mauritius Ltd,Mauritius,VIVOENERGY,N,Y,N,N,N,N,N,N,N,N,N,N,N,N,N,N,N,N,N,N,N,N,N,N,N,N,N,N,8/9/2021,N,N,N,N,N,0.0,N,0.0,VIVOENERGY,0.0
73,41339,96127,403,Arindo Holdings (Mauritius) Ltd,Mauritius,ARIN,Y,N,N,N,N,N,N,N,N,N,N,N,N,N,N,N,N,N,N,N,N,N,N,N,N,N,N,N,9/2/2021,N,N,N,N,N,0.0,N,0.0,ARIN,0.0
74,42152,97995,2271,Golden Agri-Resources Ltd,Mauritius,"4G3A, E5H, GARPF, GARPY",N,N,N,N,N,Y,N,N,Y,N,N,N,N,N,N,N,N,N,N,N,N,N,N,N,N,N,N,Y,9/2/2021,N,N,N,N,N,0.0,N,0.0, GARPF,0.18000000715255737
75,42585,99070,3346,MakeMyTrip Ltd,Mauritius,"MMYT, MY1",N,N,N,N,N,N,N,N,N,N,N,N,N,N,N,N,N,N,N,N,N,N,N,N,N,N,N,Y,9/2/2021,N,N,N,N,N,0.0,N,0.0,MMYT,27.06999969482422
76,43619,101772,6048,Vivo Energy Mauritius Ltd,Mauritius,VIVOENERGY,N,Y,N,N,N,N,N,N,N,N,N,N,N,N,N,N,N,N,N,N,N,N,N,N,N,N,N,N,9/2/2021,N,N,N,N,N,0.0,N,0.0,VIVOENERGY,0.0
77,43961,102467,406,Arindo Holdings (Mauritius) Ltd,Mauritius,ARIN,Y,N,N,N,N,N,N,N,N,N,N,N,N,N,N,N,N,N,N,N,N,N,N,N,N,N,N,N,9/9/2021,N,N,N,N,N,0.0,N,0.0,ARIN,0.0
78,44776,104348,2287,Golden Agri-Resources Ltd,Mauritius,"4G3, 4G3A, E5H, GARPF, GARPY",N,N,N,N,N,Y,N,N,Y,N,N,N,N,N,N,N,N,N,N,N,N,N,N,N,N,N,N,Y,9/9/2021,N,N,N,N,N,0.0,N,0.0, GARPF,0.18000000715255737
79,45210,105435,3374,MakeMyTrip Ltd,Mauritius,"MMYT, MY1",N,N,N,N,N,N,N,N,N,N,N,N,N,N,N,N,N,N,N,N,N,N,N,N,N,N,N,Y,9/9/2021,N,N,N,N,N,0.0,N,0.0,MMYT,26.770000457763672
80,46239,108162,6101,Vivo Energy Mauritius Ltd,Mauritius,VIVOENERGY,N,Y,N,N,N,N,N,N,N,N,N,N,N,N,N,N,N,N,N,N,N,N,N,N,N,N,N,N,9/9/2021,N,N,N,N,N,0.0,N,0.0,VIVOENERGY,0.0
81,46582,108859,409,Arindo Holdings (Mauritius) Ltd,Mauritius,ARIN,Y,N,N,N,N,N,N,N,N,N,N,N,N,N,N,N,N,N,N,N,N,N,N,N,N,N,N,N,10/19/2021,N,N,N,N,N,0.0,N,0.0,ARIN,0.0
82,47397,110739,2289,Golden Agri-Resources Ltd,Mauritius,"4G3, 4G3A, E5H, GARPF, GARPY",N,N,N,N,N,Y,N,N,Y,N,N,N,N,N,N,N,N,N,N,N,N,N,N,N,N,N,N,Y,10/19/2021,N,N,N,N,N,0.0,N,0.0, GARPF,0.20999999344348907
83,47831,111825,3375,MakeMyTrip Ltd,Mauritius,"MMYT, MY1",N,N,N,N,N,N,N,N,N,N,N,N,N,N,N,N,N,N,N,N,N,N,N,N,N,N,N,Y,10/19/2021,N,N,N,N,N,0.0,N,0.0,MMYT,31.1299991607666
84,48441,113548,5098,Shumba Energy Ltd,Mauritius,SHUMBA,Y,N,N,Y,N,N,N,N,N,N,N,N,N,N,N,N,N,N,N,N,N,N,N,N,N,N,N,N,10/19/2021,N,N,N,N,N,0.0,N,0.0,SHUMBA,0.0
85,48857,114564,6114,Vivo Energy Mauritius Ltd,Mauritius,VIVOENERGY,N,Y,N,N,N,N,N,N,N,N,N,N,N,N,N,N,N,N,N,N,N,N,N,N,N,N,N,N,10/19/2021,N,N,N,N,N,0.0,N,0.0,VIVOENERGY,0.0
86,49199,115259,408,Arindo Holdings (Mauritius) Ltd,Mauritius,ARIN,Y,N,N,N,N,N,N,N,N,N,N,N,N,N,N,N,N,N,N,N,N,N,N,N,N,N,N,N,10/29/2021,N,N,N,N,N,0.0,N,0.0,ARIN,0.0
87,50013,117141,2290,Golden Agri-Resources Ltd,Mauritius,"4G3, 4G3A, E5H, GARPF, GARPY",N,N,N,N,N,Y,N,N,Y,N,N,N,N,N,N,N,N,N,N,N,N,N,N,N,N,N,N,Y,10/29/2021,N,N,N,N,N,0.0,N,0.0, GARPF,0.1899999976158142
88,50444,118222,3371,MakeMyTrip Ltd,Mauritius,"MMYT, MY1",N,N,N,N,N,N,N,N,N,N,N,N,N,N,N,N,N,N,N,N,N,N,N,N,N,N,N,Y,10/29/2021,N,N,N,N,N,0.0,N,0.0,MMYT,34.560001373291016
89,51054,119945,5094,Shumba Energy Ltd,Mauritius,SHUMBA,Y,N,N,Y,N,N,N,N,N,N,N,N,N,N,N,N,N,N,N,N,N,N,N,N,N,N,N,N,10/29/2021,N,N,N,N,N,0.0,N,0.0,SHUMBA,0.0
90,51469,120959,6108,Vivo Energy Mauritius Ltd,Mauritius,VIVOENERGY,N,Y,N,N,N,N,N,N,N,N,N,N,N,N,N,N,N,N,N,N,N,N,N,N,N,N,N,N,10/29/2021,N,N,N,N,N,0.0,N,0.0,VIVOENERGY,0.0
91,51811,121653,407,Arindo Holdings (Mauritius) Ltd,Mauritius,ARIN,Y,N,N,N,N,N,N,N,N,N,N,N,N,N,N,N,N,N,N,N,N,N,N,N,N,N,N,N,11/13/2021,N,N,N,N,N,0.0,N,0.0,ARIN,0.0
92,52619,123530,2284,Golden Agri-Resources Ltd,Mauritius,"4G3, 4G3A, E5H, GARPF, GARPY",N,N,N,N,N,Y,N,N,Y,N,N,N,N,N,N,N,N,N,N,N,N,N,N,N,N,N,N,Y,11/13/2021,N,N,N,N,N,0.0,N,0.0, GARPY,0.0
93,53044,124603,3357,MakeMyTrip Ltd,Mauritius,"MMYT, MY1",N,N,N,N,N,N,N,N,N,N,N,N,N,N,N,N,N,N,N,N,N,N,N,N,N,N,N,Y,11/13/2021,N,N,N,N,N,0.0,N,0.0, MY1,0.0
94,53653,126326,5080,Shumba Energy Ltd,Mauritius,SHUMBA,Y,N,N,Y,N,N,N,N,N,N,N,N,N,N,N,N,N,N,N,N,N,N,N,N,N,N,N,N,11/13/2021,N,N,N,N,N,0.0,N,0.0,SHUMBA,0.0
95,54064,127335,6089,Vivo Energy Mauritius Ltd,Mauritius,VIVOENERGY,N,Y,N,N,N,N,N,N,N,N,N,N,N,N,N,N,N,N,N,N,N,N,N,N,N,N,N,N,11/13/2021,N,N,N,N,N,0.0,N,0.0,VIVOENERGY,0.0
96,54408,128032,409,Arindo Holdings (Mauritius) Ltd,Mauritius,ARIN,Y,N,N,N,N,N,N,N,N,N,N,N,N,N,N,N,N,N,N,N,N,N,N,N,N,N,N,N,12/14/2021,N,N,N,N,N,0.0,N,0.0,ARIN,0.0
97,55213,129931,2308,Golden Agri-Resources Ltd,Mauritius,"4G3, 4G3A, E5H, GARPF, GARPY",N,N,N,N,N,Y,N,N,Y,N,N,N,N,N,N,N,N,N,N,N,N,N,N,N,N,N,N,Y,12/14/2021,N,N,N,N,N,0.0,N,0.0, GARPF,0.18000000715255737
98,55638,131020,3397,MakeMyTrip Ltd,Mauritius,"MMYT, MY1",N,N,N,N,N,N,N,N,N,N,N,N,N,N,N,N,N,N,N,N,N,N,N,N,N,N,N,Y,12/14/2021,N,N,N,N,N,0.0,N,0.0,MMYT,27.860000610351562
99,56246,132769,5146,Shumba Energy Ltd,Mauritius,SHUMBA,Y,N,N,Y,N,N,N,N,N,N,N,N,N,N,N,N,N,N,N,N,N,N,N,N,N,N,N,N,12/14/2021,N,N,N,N,N,0.0,N,0.0,SHUMBA,0.0
100,56660,133795,6172,Vivo Energy Mauritius Ltd,Mauritius,VIVOENERGY,N,Y,N,N,N,N,N,N,N,N,N,N,N,N,N,N,N,N,N,N,N,N,N,N,N,N,N,N,12/14/2021,N,N,N,N,N,0.0,N,0.0,VIVOENERGY,0.0
101,57004,134500,408,Arindo Holdings (Mauritius) Ltd,Mauritius,ARIN,Y,N,N,N,N,N,N,N,N,N,N,N,N,N,N,N,N,N,N,N,N,N,N,N,N,N,N,N,1/25/2022,N,N,N,N,N,0.0,N,0.0,ARIN,0.0
102,57807,136400,2308,Golden Agri-Resources Ltd,Mauritius,"4G3, 4G3A, E5H, GARPF, GARPY",N,N,N,N,N,Y,N,N,Y,N,N,N,N,N,N,N,N,N,N,N,N,N,N,N,N,N,N,Y,1/25/2022,N,N,N,N,N,0.0,N,0.0, GARPF,0.18000000715255737
103,58227,137484,3392,MakeMyTrip Ltd,Mauritius,"MMYT, MY1",N,N,N,N,N,N,N,N,N,N,N,N,N,N,N,N,N,N,N,N,N,N,N,N,N,N,N,Y,1/25/2022,N,N,N,N,N,0.0,N,0.0,MMYT,25.309999465942383
104,58832,139230,5138,Shumba Energy Ltd,Mauritius,SHUMBA,Y,N,N,Y,N,N,N,N,N,N,N,N,N,N,N,N,N,N,N,N,N,N,N,N,N,N,N,N,1/25/2022,N,N,N,N,N,0.0,N,0.0,SHUMBA,0.0
105,59244,140251,6159,Vivo Energy Mauritius Ltd,Mauritius,VIVOENERGY,N,Y,N,N,N,N,N,N,N,N,N,N,N,N,N,N,N,N,N,N,N,N,N,N,N,N,N,N,1/25/2022,N,N,N,N,N,0.0,N,0.0,VIVOENERGY,0.0
106,59590,140957,407,Arindo Holdings (Mauritius) Ltd,Mauritius,ARIN,Y,N,N,N,N,N,N,N,N,N,N,N,N,N,N,N,N,N,N,N,N,N,N,N,N,N,N,N,2/9/2022,N,N,N,N,N,0.0,N,0.0,ARIN,0.0
107,60393,142850,2300,Golden Agri-Resources Ltd,Mauritius,"4G3, 4G3A, E5H, GARPF, GARPY",N,N,N,N,N,Y,N,N,Y,N,N,N,N,N,N,N,N,N,N,N,N,N,N,N,N,N,N,Y,2/9/2022,N,N,N,N,N,0.0,N,0.0, GARPF,0.2199999988079071
108,60809,143930,3380,MakeMyTrip Ltd,Mauritius,"MMYT, MY1",N,N,N,N,N,N,N,N,N,N,N,N,N,N,N,N,N,N,N,N,N,N,N,N,N,N,N,Y,2/9/2022,N,N,N,N,N,0.0,N,0.0,MMYT,28.739999771118164
109,61413,145675,5125,Shumba Energy Ltd,Mauritius,SHUMBA,Y,N,N,Y,N,N,N,N,N,N,N,N,N,N,N,N,N,N,N,N,N,N,N,N,N,N,N,N,2/9/2022,N,N,N,N,N,0.0,N,0.0,SHUMBA,0.0
110,61822,146695,6145,Vivo Energy Mauritius Ltd,Mauritius,VIVOENERGY,N,Y,N,N,N,N,N,N,N,N,N,N,N,N,N,N,N,N,N,N,N,N,N,N,N,N,N,N,2/9/2022,N,N,N,N,N,0.0,N,0.0,VIVOENERGY,0.0
111,62168,147403,408,Arindo Holdings (Mauritius) Ltd,Mauritius,ARIN,Y,N,N,N,N,N,N,N,N,N,N,N,N,N,N,N,N,N,N,N,N,N,N,N,N,N,N,N,2/16/2022,N,N,N,N,N,0.0,N,0.0,ARIN,0.0
112,62975,149306,2311,Golden Agri-Resources Ltd,Mauritius,"4G3, 4G3A, E5H, GARPF, GARPY",N,N,N,N,N,Y,N,N,Y,N,N,N,N,N,N,N,N,N,N,N,N,N,N,N,N,N,N,Y,2/16/2022,N,N,N,N,N,0.0,N,0.0, GARPF,0.2199999988079071
113,63394,150389,3394,MakeMyTrip Ltd,Mauritius,"MMYT, MY1",N,N,N,N,N,N,N,N,N,N,N,N,N,N,N,N,N,N,N,N,N,N,N,N,N,N,N,Y,2/16/2022,N,N,N,N,N,0.0,N,0.0,MMYT,28.209999084472656
114,63999,152135,5140,Shumba Energy Ltd,Mauritius,SHUMBA,Y,N,N,Y,N,N,N,N,N,N,N,N,N,N,N,N,N,N,N,N,N,N,N,N,N,N,N,N,2/16/2022,N,N,N,N,N,0.0,N,0.0,SHUMBA,0.0
115,64408,153157,6162,Vivo Energy Mauritius Ltd,Mauritius,VIVOENERGY,N,Y,N,N,N,N,N,N,N,N,N,N,N,N,N,N,N,N,N,N,N,N,N,N,N,N,N,N,2/16/2022,N,N,N,N,N,0.0,N,0.0,VIVOENERGY,0.0
116,64755,153863,407,Arindo Holdings (Mauritius) Ltd,Mauritius,ARIN,Y,N,N,N,N,N,N,N,N,N,N,N,N,N,N,N,N,N,N,N,N,N,N,N,N,N,N,N,3/16/2022,N,N,N,N,N,0.0,N,0.0,ARIN,0.0
117,65573,155768,2312,Golden Agri-Resources Ltd,Mauritius,"4G3, 4G3A, E5H, GARPF, GARPY",N,N,N,N,N,Y,N,N,Y,N,N,N,N,N,N,N,N,N,N,N,N,N,N,N,N,N,N,Y,3/16/2022,N,N,N,N,N,0.0,N,0.0, GARPF,0.2199999988079071
118,65995,156842,3386,MakeMyTrip Ltd,Mauritius,"MMYT, MY1",N,N,N,N,N,N,N,N,N,N,N,N,N,N,N,N,N,N,N,N,N,N,N,N,N,N,N,Y,3/16/2022,N,N,N,N,N,0.0,N,0.0,MMYT,25.299999237060547
119,66606,158588,5132,Shumba Energy Ltd,Mauritius,SHUMBA,Y,N,N,Y,N,N,N,N,N,N,N,N,N,N,N,N,N,N,N,N,N,N,N,N,N,N,N,N,3/16/2022,N,N,N,N,N,0.0,N,0.0,SHUMBA,0.0
120,67016,159606,6150,Vivo Energy Mauritius Ltd,Mauritius,VIVOENERGY,N,Y,N,N,N,N,N,N,N,N,N,N,N,N,N,N,N,N,N,N,N,N,N,N,N,N,N,N,3/16/2022,N,N,N,N,N,0.0,N,0.0,VIVOENERGY,0.0
121,67357,160305,407,Arindo Holdings (Mauritius) Ltd,Mauritius,ARIN,Y,N,N,N,N,N,N,N,N,N,N,N,N,N,N,N,N,N,N,N,N,N,N,N,N,N,N,N,4/11/2022,N,N,N,N,N,0.0,N,0.0,ARIN,0.0
122,68173,162208,2310,Golden Agri-Resources Ltd,Mauritius,"4G3, 4G3A, E5H, GARPF, GARPY",N,N,N,N,N,Y,N,N,Y,N,N,N,N,N,N,N,N,N,N,N,N,N,N,N,N,N,N,Y,4/11/2022,N,N,N,N,N,0.0,N,0.0, GARPF,0.23000000417232513
123,68594,163278,3380,MakeMyTrip Ltd,Mauritius,"MMYT, MY1",N,N,N,N,N,N,N,N,N,N,N,N,N,N,N,N,N,N,N,N,N,N,N,N,N,N,N,Y,4/11/2022,N,N,N,N,N,0.0,N,0.0,MMYT,25.34000015258789
124,69202,165013,5115,Shumba Energy Ltd,Mauritius,SHUMBA,Y,N,N,Y,N,N,N,N,N,N,N,N,N,N,N,N,N,N,N,N,N,N,N,N,N,N,N,N,4/11/2022,N,N,N,N,N,0.0,N,0.0,SHUMBA,0.0
125,69612,166029,6131,Vivo Energy Mauritius Ltd,Mauritius,VIVOENERGY,N,Y,N,N,N,N,N,N,N,N,N,N,N,N,N,N,N,N,N,N,N,N,N,N,N,N,N,N,4/11/2022,N,N,N,N,N,0.0,N,0.0,VIVOENERGY,0.0
126,69951,166727,405,Arindo Holdings (Mauritius) Ltd,Mauritius,ARIN,Y,N,N,N,N,N,N,N,N,N,N,N,N,N,N,N,N,N,N,N,N,N,N,N,N,N,N,N,5/11/2022,N,N,N,N,N,0.0,N,0.0,ARIN,0.0
127,70764,168629,2307,Golden Agri-Resources Ltd,Mauritius,"4G3, 4G3A, E5H, GARPF, GARPY",N,N,N,N,N,Y,N,N,Y,N,N,N,N,N,N,N,N,N,N,N,N,N,N,N,N,N,N,Y,5/11/2022,N,N,N,N,N,0.0,N,0.0, GARPF,0.2199999988079071
128,71184,169698,3376,MakeMyTrip Ltd,Mauritius,"MMYT, MY1",N,N,N,N,N,N,N,N,N,N,N,N,N,N,N,N,N,N,N,N,N,N,N,N,N,N,N,Y,5/11/2022,N,N,N,N,N,0.0,N,0.0,MMYT,23.559999465942383
129,71788,171430,5108,Shumba Energy Ltd,Mauritius,SHUMBA,Y,N,N,Y,N,N,N,N,N,N,N,N,N,N,N,N,N,N,N,N,N,N,N,N,N,N,N,N,5/11/2022,N,N,N,N,N,0.0,N,0.0,SHUMBA,0.0
130,72197,172444,6122,Vivo Energy Mauritius Ltd,Mauritius,VIVOENERGY,N,Y,N,N,N,N,N,N,N,N,N,N,N,N,N,N,N,N,N,N,N,N,N,N,N,N,N,N,5/11/2022,N,N,N,N,N,0.0,N,0.0,VIVOENERGY,0.0
131,72535,173139,405,Arindo Holdings (Mauritius) Ltd,Mauritius,ARIN,Y,N,N,N,N,N,N,N,N,N,N,N,N,N,N,N,N,N,N,N,N,N,N,N,N,N,N,N,6/14/2022,N,N,N,N,N,0.0,N,0.0,ARIN,0.0
132,73349,175036,2302,Golden Agri-Resources Ltd,Mauritius,"4G3, 4G3A, E5H, GARPF, GARPY",N,N,N,N,N,Y,N,N,Y,N,N,N,N,N,N,N,N,N,N,N,N,N,N,N,N,N,N,Y,6/14/2022,N,N,N,N,N,0.0,N,0.0, GARPF,0.20999999344348907
133,73767,176105,3371,MakeMyTrip Ltd,Mauritius,"MMYT, MY1",N,N,N,N,N,N,N,N,N,N,N,N,N,N,N,N,N,N,N,N,N,N,N,N,N,N,N,Y,6/14/2022,N,N,N,N,N,0.0,N,0.0,MMYT,27.110000610351562
134,74371,177831,5097,Shumba Energy Ltd,Mauritius,SHUMBA,Y,N,N,Y,N,N,N,N,N,N,N,N,N,N,N,N,N,N,N,N,N,N,N,N,N,N,N,N,6/14/2022,N,N,N,N,N,0.0,N,0.0,SHUMBA,0.0
135,74782,178846,6112,Vivo Energy Mauritius Ltd,Mauritius,VIVOENERGY,N,Y,N,N,N,N,N,N,N,N,N,N,N,N,N,N,N,N,N,N,N,N,N,N,N,N,N,N,6/14/2022,N,N,N,N,N,0.0,N,0.0,VIVOENERGY,0.0
136,75120,179538,404,Arindo Holdings (Mauritius) Ltd,Mauritius,ARIN,Y,N,N,N,N,N,N,N,N,N,N,N,N,N,N,N,N,N,N,N,N,N,N,N,N,N,N,N,7/15/2022,N,N,N,N,N,0.0,N,0.0,ARIN,0.0
137,75930,181426,2292,Golden Agri-Resources Ltd,Mauritius,"4G3, 4G3A, E5H, GARPF, GARPY",N,N,N,N,N,Y,N,N,Y,N,N,N,N,N,N,N,N,N,N,N,N,N,N,N,N,N,N,Y,7/15/2022,N,N,N,N,N,0.0,N,0.0, GARPF,0.18000000715255737
138,76347,182490,3356,MakeMyTrip Ltd,Mauritius,"MMYT, MY1",N,N,N,N,N,N,N,N,N,N,N,N,N,N,N,N,N,N,N,N,N,N,N,N,N,N,N,Y,7/15/2022,N,N,N,N,N,0.0,N,0.0,MMYT,27.209999084472656
139,76949,184223,5089,Shumba Energy Ltd,Mauritius,SHUMBA,Y,N,N,Y,N,N,N,N,N,N,N,N,N,N,N,N,N,N,N,N,N,N,N,N,N,N,N,N,7/15/2022,N,N,N,N,N,0.0,N,0.0,SHUMBA,0.0
140,77362,185238,6104,Vivo Energy Mauritius Ltd,Mauritius,VIVOENERGY,N,Y,N,N,N,N,N,N,N,N,N,N,N,N,N,N,N,N,N,N,N,N,N,N,N,N,N,N,7/15/2022,N,N,N,N,N,0.0,N,0.0,VIVOENERGY,0.0
141,77697,185926,403,Arindo Holdings (Mauritius) Ltd,Mauritius,ARIN,Y,N,N,N,N,N,N,N,N,N,N,N,N,N,N,N,N,N,N,N,N,N,N,N,N,N,N,N,8/8/2022,N,N,N,N,N,0.0,N,0.0,ARIN,0.0
142,78505,187808,2285,Golden Agri-Resources Ltd,Mauritius,"4G3, 4G3A, E5H, GARPF, GARPY",N,N,N,N,N,Y,N,N,Y,N,N,N,N,N,N,N,N,N,N,N,N,N,N,N,N,N,N,Y,8/8/2022,N,N,N,N,N,0.0,N,0.0, GARPF,0.1899999976158142
143,78920,188873,3350,MakeMyTrip Ltd,Mauritius,"MMYT, MY1",N,N,N,N,N,N,N,N,N,N,N,N,N,N,N,N,N,N,N,N,N,N,N,N,N,N,N,Y,8/8/2022,N,N,N,N,N,0.0,N,0.0,MMYT,32.779998779296875
144,79520,190603,5080,Shumba Energy Ltd,Mauritius,SHUMBA,Y,N,N,Y,N,N,N,N,N,N,N,N,N,N,N,N,N,N,N,N,N,N,N,N,N,N,N,N,8/8/2022,N,N,N,N,N,0.0,N,0.0,SHUMBA,0.0
145,79929,191613,6090,Vivo Energy Mauritius Ltd,Mauritius,VIVOENERGY,N,Y,N,N,N,N,N,N,N,N,N,N,N,N,N,N,N,N,N,N,N,N,N,N,N,N,N,N,8/8/2022,N,N,N,N,N,0.0,N,0.0,VIVOENERGY,0.0
146,80263,192300,402,Arindo Holdings (Mauritius) Ltd,Mauritius,ARIN,Y,N,N,N,N,N,N,N,N,N,N,N,N,N,N,N,N,N,N,N,N,N,N,N,N,N,N,N,9/14/2022,N,N,N,N,N,0.0,N,0.0,ARIN,0.0
147,81076,194183,2285,Golden Agri-Resources Ltd,Mauritius,"4G3, 4G3A, E5H, GARPF, GARPY",N,N,N,N,N,Y,N,N,Y,N,N,N,N,N,N,N,N,N,N,N,N,N,N,N,N,N,N,Y,9/14/2022,N,N,N,N,N,0.0,N,0.0, GARPF,0.1899999976158142
148,81491,195240,3342,MakeMyTrip Ltd,Mauritius,"MMYT, MY1",N,N,N,N,N,N,N,N,N,N,N,N,N,N,N,N,N,N,N,N,N,N,N,N,N,N,N,Y,9/14/2022,N,N,N,N,N,0.0,N,0.0,MMYT,33.9900016784668
149,82101,196977,5079,Shumba Energy Ltd,Mauritius,SHUMBA,Y,N,N,Y,N,N,N,N,N,N,N,N,N,N,N,N,N,N,N,N,N,N,N,N,N,N,N,N,9/14/2022,N,N,N,N,N,0.0,N,0.0,SHUMBA,0.0
150,82511,197986,6088,Vivo Energy Mauritius Ltd,Mauritius,VIVOENERGY,N,Y,N,N,N,N,N,N,N,N,N,N,N,N,N,N,N,N,N,N,N,N,N,N,N,N,N,N,9/14/2022,N,N,N,N,N,0.0,N,0.0,VIVOENERGY,0.0
151,82846,198672,399,Arindo Holdings (Mauritius) Ltd,Mauritius,ARIN,Y,N,N,N,N,N,N,N,N,N,N,N,N,N,N,N,N,N,N,N,N,N,N,N,N,N,N,N,10/19/2022,N,N,N,N,N,0.0,N,0.0,ARIN,0.0
152,83653,200547,2274,Golden Agri-Resources Ltd,Mauritius,"4G3, 4G3A, E5H, GARPF, GARPY",N,N,N,N,N,Y,N,N,Y,N,N,N,N,N,N,N,N,N,N,N,N,N,N,N,N,N,N,Y,10/19/2022,N,N,N,N,N,0.0,N,0.0, GARPF,0.18000000715255737
153,84068,201601,3328,MakeMyTrip Ltd,Mauritius,"MMYT, MY1",N,N,N,N,N,N,N,N,N,N,N,N,N,N,N,N,N,N,N,N,N,N,N,N,N,N,N,Y,10/19/2022,N,N,N,N,N,0.0,N,0.0,MMYT,28.850000381469727
154,84671,203326,5053,Shumba Energy Ltd,Mauritius,SHUMBA,Y,N,N,Y,N,N,N,N,N,N,N,N,N,N,N,N,N,N,N,N,N,N,N,N,N,N,N,N,10/19/2022,N,N,N,N,N,0.0,N,0.0,SHUMBA,0.0
155,85080,204331,6058,Vivo Energy Mauritius Ltd,Mauritius,VIVOENERGY,N,Y,N,N,N,N,N,N,N,N,N,N,N,N,N,N,N,N,N,N,N,N,N,N,N,N,N,N,10/19/2022,N,N,N,N,N,0.0,N,0.0,VIVOENERGY,0.0
156,85412,205014,395,Arindo Holdings (Mauritius) Ltd,Mauritius,ARIN,Y,N,N,N,N,N,N,N,N,N,N,N,N,N,N,N,N,N,N,N,N,N,N,N,N,N,N,N,11/9/2022,N,N,N,N,N,0.0,N,0.0,ARIN,0.0
157,86212,206884,2265,Golden Agri-Resources Ltd,Mauritius,"4G3, 4G3A, E5H, GARPF, GARPY",N,N,N,N,N,Y,N,N,Y,N,N,N,N,N,N,N,N,N,N,N,N,N,N,N,N,N,N,Y,11/9/2022,N,N,N,N,N,0.0,N,0.0, GARPF,0.20999999344348907
158,86627,207938,3319,MakeMyTrip Ltd,Mauritius,"MMYT, MY1",N,N,N,N,N,N,N,N,N,N,N,N,N,N,N,N,N,N,N,N,N,N,N,N,N,N,N,Y,11/9/2022,N,N,N,N,N,0.0,N,0.0,MMYT,28.290000915527344
159,87228,209657,5038,Shumba Energy Ltd,Mauritius,SHUMBA,Y,N,N,Y,N,N,N,N,N,N,N,N,N,N,N,N,N,N,N,N,N,N,N,N,N,N,N,N,11/9/2022,N,N,N,N,N,0.0,N,0.0,SHUMBA,0.0
160,87632,210655,6036,Vivo Energy Mauritius Ltd,Mauritius,VIVOENERGY,N,Y,N,N,N,N,N,N,N,N,N,N,N,N,N,N,N,N,N,N,N,N,N,N,N,N,N,N,11/9/2022,N,N,N,N,N,0.0,N,0.0,VIVOENERGY,0.0
161,87962,211338,397,Arindo Holdings (Mauritius) Ltd,Mauritius,ARIN,Y,N,N,N,N,N,N,N,N,N,N,N,N,N,N,N,N,N,N,N,N,N,N,N,N,N,N,N,12/16/2022,N,N,N,N,N,0.0,N,0.0,ARIN,0.0
162,88770,213214,2273,Golden Agri-Resources Ltd,Mauritius,"4G3, 4G3A, E5H, GARPF, GARPY",N,N,N,N,N,Y,N,N,Y,N,N,N,N,N,N,N,N,N,N,N,N,N,N,N,N,N,N,Y,12/16/2022,N,N,N,N,N,0.0,N,0.0, GARPF,0.20000000298023224
163,89188,214279,3338,MakeMyTrip Ltd,Mauritius,"MMYT, MY1",N,N,N,N,N,N,N,N,N,N,N,N,N,N,N,N,N,N,N,N,N,N,N,N,N,N,N,Y,12/16/2022,N,N,N,N,N,0.0,N,0.0,MMYT,28.520000457763672
164,89789,216001,5060,Shumba Energy Ltd,Mauritius,SHUMBA,Y,N,N,Y,N,N,N,N,N,N,N,N,N,N,N,N,N,N,N,N,N,N,N,N,N,N,N,N,12/16/2022,N,N,N,N,N,0.0,N,0.0,SHUMBA,0.0
165,90193,216999,6058,Vivo Energy Mauritius Ltd,Mauritius,VIVOENERGY,N,Y,N,N,N,N,N,N,N,N,N,N,N,N,N,N,N,N,N,N,N,N,N,N,N,N,N,N,12/16/2022,N,N,N,N,N,0.0,N,0.0,VIVOENERGY,0.0
166,90520,217674,395,Arindo Holdings (Mauritius) Ltd,Mauritius,ARIN,Y,N,N,N,N,N,N,N,N,N,N,N,N,N,N,N,N,N,N,N,N,N,N,N,N,N,N,N,1/27/2023,N,N,N,N,N,0.0,N,0.0,ARIN,0.0
167,91330,219548,2269,Golden Agri-Resources Ltd,Mauritius,"4G3, 4G3A, E5H, GARPF, GARPY",N,N,N,N,N,Y,N,N,Y,N,N,N,N,N,N,N,N,N,N,N,N,N,N,N,N,N,N,Y,1/27/2023,N,N,N,N,N,0.0,N,0.0, GARPF,0.20000000298023224
168,91747,220607,3328,MakeMyTrip Ltd,Mauritius,"MMYT, MY1",N,N,N,N,N,N,N,N,N,N,N,N,N,N,N,N,N,N,N,N,N,N,N,N,N,N,N,Y,1/27/2023,N,N,N,N,N,0.0,N,0.0,MMYT,29.690000534057617
169,92347,222333,5054,Shumba Energy Ltd,Mauritius,SHUMBA,Y,N,N,Y,N,N,N,N,N,N,N,N,N,N,N,N,N,N,N,N,N,N,N,N,N,N,N,N,1/27/2023,N,N,N,N,N,0.0,N,0.0,SHUMBA,0.0
170,92754,223327,6048,Vivo Energy Mauritius Ltd,Mauritius,VIVOENERGY,N,Y,N,N,N,N,N,N,N,N,N,N,N,N,N,N,N,N,N,N,N,N,N,N,N,N,N,N,1/27/2023,N,N,N,N,N,0.0,N,0.0,VIVOENERGY,0.0
171,93081,224002,393,Arindo Holdings (Mauritius) Ltd,Mauritius,ARIN,Y,N,N,N,N,N,N,N,N,N,N,N,N,N,N,N,N,N,N,N,N,N,N,N,N,N,N,N,2/8/2023,N,N,N,N,N,0.0,N,0.0,ARIN,0.0
172,93892,225876,2267,Golden Agri-Resources Ltd,Mauritius,"4G3, 4G3A, E5H, GARPF, GARPY",N,N,N,N,N,Y,N,N,Y,N,N,N,N,N,N,N,N,N,N,N,N,N,N,N,N,N,N,Y,2/8/2023,N,N,N,N,N,0.0,N,0.0, GARPF,0.1899999976158142
173,94307,226929,3320,MakeMyTrip Ltd,Mauritius,"MMYT, MY1",N,N,N,N,N,N,N,N,N,N,N,N,N,N,N,N,N,N,N,N,N,N,N,N,N,N,N,Y,2/8/2023,N,N,N,N,N,0.0,N,0.0,MMYT,27.239999771118164
174,94907,228655,5046,Shumba Energy Ltd,Mauritius,SHUMBA,Y,N,N,Y,N,N,N,N,N,N,N,N,N,N,N,N,N,N,N,N,N,N,N,N,N,N,N,N,2/8/2023,N,N,N,N,N,0.0,N,0.0,SHUMBA,0.0
175,95318,229649,6040,Vivo Energy Mauritius Ltd,Mauritius,VIVOENERGY,N,Y,N,N,N,N,N,N,N,N,N,N,N,N,N,N,N,N,N,N,N,N,N,N,N,N,N,N,2/8/2023,N,N,N,N,N,0.0,N,0.0,VIVOENERGY,0.0
176,95645,230323,393,Arindo Holdings (Mauritius) Ltd,Mauritius,ARIN,Y,N,N,N,N,N,N,N,N,N,N,N,N,N,N,N,N,N,N,N,N,N,N,N,N,N,N,N,2/24/2023,N,N,N,N,N,0.0,N,0.0,ARIN,0.0
177,96459,232209,2279,Golden Agri-Resources Ltd,Mauritius,"4G3, 4G3A, E5H, GARPF, GARPY",N,N,N,N,N,Y,N,N,Y,N,N,N,N,N,N,N,N,N,N,N,N,N,N,N,N,N,N,Y,2/24/2023,N,N,N,N,N,0.0,N,0.0, GARPF,0.1899999976158142
178,96875,233264,3334,MakeMyTrip Ltd,Mauritius,"MMYT, MY1",N,N,N,N,N,N,N,N,N,N,N,N,N,N,N,N,N,N,N,N,N,N,N,N,N,N,N,Y,2/24/2023,N,N,N,N,N,0.0,N,0.0,MMYT,26.030000686645508
179,97474,234989,5059,Shumba Energy Ltd,Mauritius,SHUMBA,Y,N,N,Y,N,N,N,N,N,N,N,N,N,N,N,N,N,N,N,N,N,N,N,N,N,N,N,N,2/24/2023,N,N,N,N,N,0.0,N,0.0,SHUMBA,0.0
180,97883,235980,6050,Vivo Energy Mauritius Ltd,Mauritius,VIVOENERGY,N,Y,N,N,N,N,N,N,N,N,N,N,N,N,N,N,N,N,N,N,N,N,N,N,N,N,N,N,2/24/2023,N,N,N,N,N,0.0,N,0.0,VIVOENERGY,0.0
181,98215,236659,397,Arindo Holdings (Mauritius) Ltd,Mauritius,ARIN,Y,N,N,N,N,N,N,N,N,N,N,N,N,N,N,N,N,N,N,N,N,N,N,N,N,N,N,N,3/9/2023,N,N,N,N,N,0.0,N,0.0,ARIN,0.0
182,99038,238564,2302,Golden Agri-Resources Ltd,Mauritius,"4G3, 4G3A, E5H, GARPF, GARPY",N,N,N,N,N,Y,N,N,Y,N,N,N,N,N,N,N,N,N,N,N,N,N,N,N,N,N,N,Y,3/9/2023,N,N,N,N,N,0.0,N,0.0, GARPF,0.20999999344348907
183,99462,239632,3370,MakeMyTrip Ltd,Mauritius,"MMYT, MY1",N,N,N,N,N,N,N,N,N,N,N,N,N,N,N,N,N,N,N,N,N,N,N,N,N,N,N,Y,3/9/2023,N,N,N,N,N,0.0,N,0.0,MMYT,25.790000915527344
184,100075,241383,5121,Shumba Energy Ltd,Mauritius,SHUMBA,Y,N,N,Y,N,N,N,N,N,N,N,N,N,N,N,N,N,N,N,N,N,N,N,N,N,N,N,N,3/9/2023,N,N,N,N,N,0.0,N,0.0,SHUMBA,0.0
185,100497,242389,6127,Vivo Energy Mauritius Ltd,Mauritius,VIVOENERGY,N,Y,N,N,N,N,N,N,N,N,N,N,N,N,N,N,N,N,N,N,N,N,N,N,N,N,N,N,3/9/2023,N,N,N,N,N,0.0,N,0.0,VIVOENERGY,0.0
